DialogueID,SpeakerID,NodeId,TextKey,NextId,RequiredFlags,GrantedFlags,Priority,IsRepeatable,TriggerEvents,IsStartNode,Choices
DIALOGUE_PLAYER,,WAKE_D1_1,DIALOGUE_PLAYER_WAKE_D1_1,WAKE_D1_2,C1_PROGRESS_DAY1_STARTED,,5,FALSE,,TRUE,
DIALOGUE_PLAYER,,WAKE_D1_2,DIALOGUE_PLAYER_WAKE_D1_2,WAKE_D1_3,,,,FALSE,,,
DIALOGUE_PLAYER,,WAKE_D1_3,DIALOGUE_PLAYER_WAKE_D1_3,WAKE_D1_4,,,,FALSE,,,
DIALOGUE_PLAYER,,WAKE_D1_4,DIALOGUE_PLAYER_WAKE_D1_4,WAKE_D1_5,,,,FALSE,,,
DIALOGUE_PLAYER,,WAKE_D1_5,DIALOGUE_PLAYER_WAKE_D1_5,END,,C1_PROGRESS_DAY1_WOKE_UP,,FALSE,,,
DIALOGUE_MIKA,MIKA,DAY1_MORNING_1,DIALOGUE_MIKA_DAY1_MORNING_1,DAY1_MORNING_2,C1_PROGRESS_DAY1_LEFT_BEDROOM,,10,FALSE,,TRUE,
DIALOGUE_MIKA,MIKA,DAY1_MORNING_2,DIALOGUE_MIKA_DAY1_MORNING_2,DAY1_MORNING_3,,,,FALSE,,,
DIALOGUE_MIKA,MIKA,DAY1_MORNING_3,DIALOGUE_MIKA_DAY1_MORNING_3,DAY1_MORNING_4,,,,FALSE,,,
DIALOGUE_MIKA,MIKA,DAY1_MORNING_4,DIALOGUE_MIKA_DAY1_MORNING_4,DAY1_MORNING_CHOICE,,,,FALSE,,,
DIALOGUE_MIKA,MIKA,DAY1_MORNING_CHOICE,DIALOGUE_MIKA_DAY1_MORNING_CHOICE,END,,,,FALSE,,,CHOICE_NOT_HUNGRY:DAY1_MORNING_RESP|CHOICE_STAY_SILENT:DAY1_MORNING_RESP_SILENT
DIALOGUE_MIKA,MIKA,DAY1_MORNING_RESP,DIALOGUE_MIKA_DAY1_MORNING_RESP,DAY1_MORNING_5,,,,FALSE,,,
DIALOGUE_MIKA,MIKA,DAY1_MORNING_RESP_SILENT,DIALOGUE_MIKA_DAY1_MORNING_RESP_SILENT,DAY1_MORNING_5,,,,FALSE,,,
DIALOGUE_MIKA,MIKA,DAY1_MORNING_5,DIALOGUE_MIKA_DAY1_MORNING_5,DAY1_MORNING_6,,,,FALSE,,,
DIALOGUE_MIKA,MIKA,DAY1_MORNING_6,DIALOGUE_MIKA_DAY1_MORNING_6,END,,C1_PROGRESS_DAY1_TALKED_MIKA,,FALSE,,,
DIALOGUE_MIKA,MIKA,DAY1_IDLE_EXPLORE_1,DIALOGUE_MIKA_DAY1_IDLE_EXPLORE_1,END,C1_PROGRESS_DAY1_TALKED_MIKA,,3,TRUE,,,
DIALOGUE_MIKA,MIKA,DAY1_IDLE_EXPLORE_2,DIALOGUE_MIKA_DAY1_IDLE_EXPLORE_2,END,C1_PROGRESS_DAY1_TALKED_MIKA,,2,TRUE,,,
DIALOGUE_MIKA,MIKA,DAY1_CHORE_ASK,DIALOGUE_MIKA_DAY1_CHORE_ASK,DAY1_CHORE_ASK_2,C1_QUEST_DAY1_EXPLORED,,15,FALSE,,TRUE,
DIALOGUE_MIKA,MIKA,DAY1_CHORE_ASK_2,DIALOGUE_MIKA_DAY1_CHORE_ASK_2,DAY1_CHORE_CHOICE,,,,FALSE,,,
DIALOGUE_MIKA,MIKA,DAY1_CHORE_CHOICE,DIALOGUE_MIKA_DAY1_CHORE_CHOICE,END,,,,FALSE,,,CHOICE_CHORE_ACCEPT:DAY1_CHORE_ACCEPT|CHOICE_CHORE_QUESTION:DAY1_CHORE_QUESTION|CHOICE_CHORE_HESITANT:DAY1_CHORE_HESITANT
DIALOGUE_MIKA,MIKA,DAY1_CHORE_ACCEPT,DIALOGUE_MIKA_DAY1_CHORE_ACCEPT,END,,C1_QUEST_DAY1_CHORE_GIVEN,,FALSE,,,
DIALOGUE_MIKA,MIKA,DAY1_CHORE_QUESTION,DIALOGUE_MIKA_DAY1_CHORE_QUESTION,DAY1_CHORE_QUESTION_2,,,,FALSE,,,
DIALOGUE_MIKA,MIKA,DAY1_CHORE_QUESTION_2,DIALOGUE_MIKA_DAY1_CHORE_QUESTION_2,END,,C1_QUEST_DAY1_CHORE_GIVEN,,FALSE,,,
DIALOGUE_MIKA,MIKA,DAY1_CHORE_HESITANT,DIALOGUE_MIKA_DAY1_CHORE_HESITANT,END,,C1_QUEST_DAY1_CHORE_GIVEN,,FALSE,,,
DIALOGUE_MIKA,MIKA,DAY1_AFTER_CHORE_HINT,DIALOGUE_MIKA_DAY1_AFTER_CHORE_HINT,DAY1_AFTER_CHORE_HINT_2,C1_QUEST_DAY1_CHORE_GIVEN,,8,FALSE,,TRUE,
DIALOGUE_MIKA,MIKA,DAY1_AFTER_CHORE_HINT_2,DIALOGUE_MIKA_DAY1_AFTER_CHORE_HINT_2,END,,,,FALSE,,,
DIALOGUE_MIKA,MIKA,DAY1_IDLE_PRE_CLEAN_1,DIALOGUE_MIKA_DAY1_IDLE_PRE_CLEAN_1,END,C1_QUEST_DAY1_CHORE_GIVEN,,3,TRUE,,,
DIALOGUE_MIKA,MIKA,DAY1_DINNER_1,DIALOGUE_MIKA_DAY1_DINNER_1,DAY1_DINNER_2,C1_PROGRESS_DAY1_CLEANED,,20,FALSE,,TRUE,
DIALOGUE_MIKA,MIKA,DAY1_DINNER_2,DIALOGUE_MIKA_DAY1_DINNER_2,DAY1_DINNER_3,,,,FALSE,,,
DIALOGUE_MIKA,MIKA,DAY1_DINNER_3,DIALOGUE_MIKA_DAY1_DINNER_3,DAY1_DINNER_4,,,,FALSE,,,
DIALOGUE_MIKA,MIKA,DAY1_DINNER_4,DIALOGUE_MIKA_DAY1_DINNER_4,DAY1_DINNER_5,,,,FALSE,,,
DIALOGUE_MIKA,MIKA,DAY1_DINNER_5,DIALOGUE_MIKA_DAY1_DINNER_5,DAY1_DINNER_FAMILY_CHOICE,,,,FALSE,,,
DIALOGUE_MIKA,MIKA,DAY1_DINNER_FAMILY_CHOICE,DIALOGUE_MIKA_DAY1_DINNER_FAMILY_CHOICE,END,,C1_PROGRESS_DAY1_DINNER,,FALSE,,,CHOICE_FAMILY_DEFLECT:DAY1_FAMILY_DEFLECT|CHOICE_FAMILY_SHUTDOWN:DAY1_FAMILY_SHUTDOWN|CHOICE_FAMILY_LIE:DAY1_FAMILY_LIE
DIALOGUE_MIKA,MIKA,DAY1_FAMILY_DEFLECT,DIALOGUE_MIKA_DAY1_FAMILY_DEFLECT,END,,,,FALSE,,,
DIALOGUE_MIKA,MIKA,DAY1_FAMILY_SHUTDOWN,DIALOGUE_MIKA_DAY1_FAMILY_SHUTDOWN,END,,,,FALSE,,,
DIALOGUE_MIKA,MIKA,DAY1_FAMILY_LIE,DIALOGUE_MIKA_DAY1_FAMILY_LIE,END,,,,FALSE,,,
DIALOGUE_MIKA,MIKA,DAY1_TV_1,DIALOGUE_MIKA_DAY1_TV_1,DAY1_TV_2,C1_PROGRESS_DAY1_DINNER,,18,FALSE,,TRUE,
DIALOGUE_MIKA,MIKA,DAY1_TV_2,DIALOGUE_MIKA_DAY1_TV_2,DAY1_TV_3,,,,FALSE,,,
DIALOGUE_MIKA,MIKA,DAY1_TV_3,DIALOGUE_MIKA_DAY1_TV_3,END,,C1_PROGRESS_DAY1_WATCHED_TV,,FALSE,,,
DIALOGUE_MIKA,MIKA,DAY1_BEDTIME_1,DIALOGUE_MIKA_DAY1_BEDTIME_1,DAY1_BEDTIME_2,C1_PROGRESS_DAY1_WATCHED_TV,,25,FALSE,,TRUE,
DIALOGUE_MIKA,MIKA,DAY1_BEDTIME_2,DIALOGUE_MIKA_DAY1_BEDTIME_2,DAY1_BEDTIME_CHOICE,,,,FALSE,,,
DIALOGUE_MIKA,MIKA,DAY1_BEDTIME_CHOICE,DIALOGUE_MIKA_DAY1_BEDTIME_CHOICE,END,,,,FALSE,,,CHOICE_BEDTIME_WARM:DAY1_BEDTIME_WARM|CHOICE_BEDTIME_SILENT:DAY1_BEDTIME_SILENT
DIALOGUE_MIKA,MIKA,DAY1_BEDTIME_WARM,DIALOGUE_MIKA_DAY1_BEDTIME_WARM,END,,,,FALSE,,,
DIALOGUE_MIKA,MIKA,DAY1_BEDTIME_SILENT,DIALOGUE_MIKA_DAY1_BEDTIME_SILENT,END,,,,FALSE,,,
DIALOGUE_PLAYER,,BED_THOUGHT_D1_1,DIALOGUE_PLAYER_BED_D1_1,BED_THOUGHT_D1_2,C1_PROGRESS_DAY1_WATCHED_TV,,5,FALSE,,TRUE,
DIALOGUE_PLAYER,,BED_THOUGHT_D1_2,DIALOGUE_PLAYER_BED_D1_2,BED_THOUGHT_D1_3,,,,FALSE,,,
DIALOGUE_PLAYER,,BED_THOUGHT_D1_3,DIALOGUE_PLAYER_BED_D1_3,BED_THOUGHT_D1_4,,,,FALSE,,,
DIALOGUE_PLAYER,,BED_THOUGHT_D1_4,DIALOGUE_PLAYER_BED_D1_4,BED_THOUGHT_D1_5,,,,FALSE,,,
DIALOGUE_PLAYER,,BED_THOUGHT_D1_5,DIALOGUE_PLAYER_BED_D1_5,BED_THOUGHT_D1_6,,,,FALSE,,,
DIALOGUE_PLAYER,,BED_THOUGHT_D1_6,DIALOGUE_PLAYER_BED_D1_6,BED_THOUGHT_D1_7,,,,FALSE,,,
DIALOGUE_PLAYER,,BED_THOUGHT_D1_7,DIALOGUE_PLAYER_BED_D1_7,END,,C1_PROGRESS_DAY1_COMPLETE,,FALSE,,,
DIALOGUE_MIKA,MIKA,DAY2_MORNING_1,DIALOGUE_MIKA_DAY2_MORNING_1,DAY2_MORNING_2,C1_PROGRESS_DAY2_STARTED,,10,FALSE,,TRUE,
DIALOGUE_MIKA,MIKA,DAY2_MORNING_2,DIALOGUE_MIKA_DAY2_MORNING_2,DAY2_MORNING_3,,,,FALSE,,,
DIALOGUE_MIKA,MIKA,DAY2_MORNING_3,DIALOGUE_MIKA_DAY2_MORNING_3,DAY2_MORNING_SLEEP_CHOICE,,,,FALSE,,,
DIALOGUE_MIKA,MIKA,DAY2_MORNING_SLEEP_CHOICE,DIALOGUE_MIKA_DAY2_MORNING_SLEEP_CHOICE,END,,C1_PROGRESS_DAY2_TALKED_MIKA,,FALSE,,,CHOICE_SLEEP_HONEST:DAY2_SLEEP_HONEST|CHOICE_SLEEP_NEUTRAL:DAY2_SLEEP_NEUTRAL|CHOICE_SLEEP_AVOID:DAY2_SLEEP_AVOID
DIALOGUE_MIKA,MIKA,DAY2_SLEEP_HONEST,DIALOGUE_MIKA_DAY2_SLEEP_HONEST,END,,,,FALSE,,,
DIALOGUE_MIKA,MIKA,DAY2_SLEEP_NEUTRAL,DIALOGUE_MIKA_DAY2_SLEEP_NEUTRAL,END,,,,FALSE,,,
DIALOGUE_MIKA,MIKA,DAY2_SLEEP_AVOID,DIALOGUE_MIKA_DAY2_SLEEP_AVOID,END,,,,FALSE,,,
DIALOGUE_PLAYER,,DAY2_PHOTO_EXAMINE,DIALOGUE_PLAYER_DAY2_PHOTO_1,DAY2_PHOTO_2,C1_PROGRESS_DAY2_TALKED_MIKA,,5,FALSE,,TRUE,
DIALOGUE_PLAYER,,DAY2_PHOTO_2,DIALOGUE_PLAYER_DAY2_PHOTO_2,DAY2_PHOTO_CHOICE,,,,FALSE,,,
DIALOGUE_PLAYER,,DAY2_PHOTO_CHOICE,DIALOGUE_PLAYER_DAY2_PHOTO_CHOICE,END,,,,FALSE,,,CHOICE_PHOTO_ASK:DAY2_PHOTO_ASK_MIKA|CHOICE_PHOTO_OBSERVE:DAY2_PHOTO_OBSERVE|CHOICE_PHOTO_DISMISS:DAY2_PHOTO_DISMISS
DIALOGUE_PLAYER,,DAY2_PHOTO_ASK_MIKA,DIALOGUE_MIKA_DAY2_PHOTO_ANSWER,END,,C1_PROGRESS_DAY2_PHOTO_ASKED,,FALSE,,,
DIALOGUE_PLAYER,,DAY2_PHOTO_OBSERVE,DIALOGUE_PLAYER_DAY2_PHOTO_OBSERVE,END,,,,FALSE,,,
DIALOGUE_PLAYER,,DAY2_PHOTO_DISMISS,DIALOGUE_PLAYER_DAY2_PHOTO_DISMISS,END,,,,FALSE,,,
DIALOGUE_MIKA,MIKA,DAY2_COOK_1,DIALOGUE_MIKA_DAY2_COOK_1,DAY2_COOK_CHOICE,C1_PROGRESS_DAY2_LAUNDRY,,12,FALSE,,TRUE,
DIALOGUE_MIKA,MIKA,DAY2_COOK_CHOICE,DIALOGUE_MIKA_DAY2_COOK_CHOICE,END,,C1_PROGRESS_DAY2_COOK_STARTED,,FALSE,,,CHOICE_COOK_TOGETHER:DAY2_COOK_TOGETHER|CHOICE_COOK_ALONE:DAY2_COOK_ALONE
DIALOGUE_MIKA,MIKA,DAY2_COOK_TOGETHER,DIALOGUE_MIKA_DAY2_COOK_TOGETHER,END,,,,FALSE,,,
DIALOGUE_MIKA,MIKA,DAY2_COOK_ALONE,DIALOGUE_MIKA_DAY2_COOK_ALONE,END,,,,FALSE,,,
DIALOGUE_MIKA,MIKA,DAY2_EVENING_1,DIALOGUE_MIKA_DAY2_EVENING_1,DAY2_EVENING_2,C1_PROGRESS_DAY2_COOKED,,20,FALSE,,TRUE,
DIALOGUE_MIKA,MIKA,DAY2_EVENING_2,DIALOGUE_MIKA_DAY2_EVENING_2,END,,C1_PROGRESS_DAY2_DINNER,,FALSE,,,
DIALOGUE_MIKA,MIKA,DAY2_TV_GLITCH_1,DIALOGUE_MIKA_DAY2_TV_GLITCH_1,DAY2_TV_GLITCH_CHOICE,C1_PROGRESS_DAY2_DINNER,,18,FALSE,,TRUE,
DIALOGUE_MIKA,MIKA,DAY2_TV_GLITCH_CHOICE,DIALOGUE_MIKA_DAY2_TV_GLITCH_CHOICE,END,,C1_PROGRESS_DAY2_TV,,FALSE,,,CHOICE_TV_ACCEPT:DAY2_TV_ACCEPT|CHOICE_TV_CONCERN:DAY2_TV_CONCERN
DIALOGUE_MIKA,MIKA,DAY2_TV_ACCEPT,DIALOGUE_MIKA_DAY2_TV_ACCEPT,END,,,,FALSE,,,
DIALOGUE_MIKA,MIKA,DAY2_TV_CONCERN,DIALOGUE_MIKA_DAY2_TV_CONCERN,END,,,,FALSE,,,
DIALOGUE_MIKA,MIKA,DAY2_BEDTIME_1,DIALOGUE_MIKA_DAY2_BEDTIME_1,END,C1_PROGRESS_DAY2_TV,,25,FALSE,,TRUE,C1_PROGRESS_DAY2_COMPLETE
DIALOGUE_MIKA,MIKA,DAY3_MORNING_1,DIALOGUE_MIKA_DAY3_MORNING_1,DAY3_MORNING_MOOD_CHOICE,C1_PROGRESS_DAY3_STARTED,,10,FALSE,,TRUE,
DIALOGUE_MIKA,MIKA,DAY3_MORNING_MOOD_CHOICE,DIALOGUE_MIKA_DAY3_MORNING_MOOD_CHOICE,END,,C1_PROGRESS_DAY3_TALKED_MIKA,,FALSE,,,CHOICE_MORNING_NORMAL:DAY3_MORNING_NORMAL|CHOICE_MORNING_CONCERNED:DAY3_MORNING_CONCERNED
DIALOGUE_MIKA,MIKA,DAY3_MORNING_NORMAL,DIALOGUE_MIKA_DAY3_MORNING_NORMAL,END,,,,FALSE,,,
DIALOGUE_MIKA,MIKA,DAY3_MORNING_CONCERNED,DIALOGUE_MIKA_DAY3_MORNING_CONCERNED,END,,,,FALSE,,,
DIALOGUE_MIKA,MIKA,DAY3_CONFRONT_1,DIALOGUE_MIKA_DAY3_CONFRONT_1,DAY3_CONFRONT_CHOICE,C1_STORY_SAW_NEWS,,20,FALSE,,TRUE,
DIALOGUE_MIKA,MIKA,DAY3_CONFRONT_CHOICE,DIALOGUE_MIKA_DAY3_CONFRONT_CHOICE,END,,,,FALSE,,,CHOICE_DAY3_AGREE:DAY3_CONFRONT_CHOICE_A|CHOICE_DAY3_ASK_LOOP:DAY3_CONFRONT_CHOICE_B|CHOICE_DAY3_ASK_MOM:DAY3_CONFRONT_CHOICE_C
DIALOGUE_MIKA,MIKA,DAY3_CONFRONT_CHOICE_A,DIALOGUE_MIKA_DAY3_CONFRONT_A,END,,C1_PROGRESS_DAY3_CONFRONTED_NEWS;C1_PROGRESS_DAY3_CONFRONTED_CALENDAR;C1_PROGRESS_DAY3_CONFRONTED_MOM,,FALSE,,,
DIALOGUE_MIKA,MIKA,DAY3_CONFRONT_CHOICE_B,DIALOGUE_MIKA_DAY3_CONFRONT_B,END,,C1_PROGRESS_DAY3_CONFRONTED_NEWS;C1_PROGRESS_DAY3_CONFRONTED_CALENDAR;C1_PROGRESS_DAY3_CONFRONTED_MOM,,FALSE,,,
DIALOGUE_MIKA,MIKA,DAY3_CONFRONT_CHOICE_C,DIALOGUE_MIKA_DAY3_CONFRONT_C,END,,C1_PROGRESS_DAY3_CONFRONTED_NEWS;C1_PROGRESS_DAY3_CONFRONTED_CALENDAR;C1_PROGRESS_DAY3_CONFRONTED_MOM,,FALSE,,,
DIALOGUE_MIKA,MIKA,DAY3_DINNER_1,DIALOGUE_MIKA_DAY3_DINNER_1,DAY3_DINNER_TENSION_CHOICE,C1_PROGRESS_DAY3_CONFRONTED_NEWS,,22,FALSE,,TRUE,
DIALOGUE_MIKA,MIKA,DAY3_DINNER_TENSION_CHOICE,DIALOGUE_MIKA_DAY3_DINNER_TENSION_CHOICE,END,,C1_PROGRESS_DAY3_DINNER,,FALSE,,,CHOICE_DINNER_NORMAL:DAY3_DINNER_NORMAL|CHOICE_DINNER_SILENT:DAY3_DINNER_SILENT
DIALOGUE_MIKA,MIKA,DAY3_DINNER_NORMAL,DIALOGUE_MIKA_DAY3_DINNER_NORMAL,END,,,,FALSE,,,
DIALOGUE_MIKA,MIKA,DAY3_DINNER_SILENT,DIALOGUE_MIKA_DAY3_DINNER_SILENT,END,,,,FALSE,,,
DIALOGUE_MIKA,MIKA,DAY3_BEDTIME_1,DIALOGUE_MIKA_DAY3_BEDTIME_1,END,C1_PROGRESS_DAY3_DINNER,,25,FALSE,,TRUE,C1_PROGRESS_DAY3_COMPLETE
DIALOGUE_MIKA,MIKA,DAY4_FROZEN_1,DIALOGUE_MIKA_DAY4_FROZEN_1,DAY4_FROZEN_CHOICE,C1_PROGRESS_DAY4_STARTED,,15,FALSE,,TRUE,
DIALOGUE_MIKA,MIKA,DAY4_FROZEN_CHOICE,DIALOGUE_MIKA_DAY4_FROZEN_CHOICE,END,,,,FALSE,,,CHOICE_FROZEN_ASK:DAY4_FROZEN_ASK|CHOICE_FROZEN_BACK:DAY4_FROZEN_BACK
DIALOGUE_MIKA,MIKA,DAY4_FROZEN_ASK,DIALOGUE_MIKA_DAY4_FROZEN_ASK,END,,C1_PROGRESS_DAY4_MIKA_FROZEN,,FALSE,,,
DIALOGUE_MIKA,MIKA,DAY4_FROZEN_BACK,DIALOGUE_MIKA_DAY4_FROZEN_BACK,END,,C1_PROGRESS_DAY4_MIKA_FROZEN,,FALSE,,,
DIALOGUE_PLAYER,,DAY4_DIARY_1,DIALOGUE_PLAYER_DAY4_DIARY_1,DAY4_DIARY_CHOICE,C1_PROGRESS_DAY4_MIKA_FROZEN,,10,FALSE,,TRUE,
DIALOGUE_PLAYER,,DAY4_DIARY_CHOICE,DIALOGUE_PLAYER_DAY4_DIARY_CHOICE,END,,,,FALSE,,,CHOICE_DIARY_SHOW:DAY4_DIARY_SHOW|CHOICE_DIARY_HIDE:DAY4_DIARY_HIDE|CHOICE_DIARY_READ_MORE:DAY4_DIARY_READ_MORE
DIALOGUE_PLAYER,,DAY4_DIARY_SHOW,DIALOGUE_MIKA_DAY4_DIARY_SHOW,END,,C1_PROGRESS_DAY4_READ_DIARY,,FALSE,,,
DIALOGUE_PLAYER,,DAY4_DIARY_HIDE,DIALOGUE_PLAYER_DAY4_DIARY_HIDE,END,,C1_PROGRESS_DAY4_READ_DIARY,,FALSE,,,
DIALOGUE_PLAYER,,DAY4_DIARY_READ_MORE,DIALOGUE_PLAYER_DAY4_DIARY_MORE,END,,C1_PROGRESS_DAY4_READ_DIARY,,FALSE,,,
DIALOGUE_PLAYER,,DAY4_MIRROR_1,DIALOGUE_PLAYER_DAY4_MIRROR_1,DAY4_MIRROR_CHOICE,C1_PROGRESS_DAY4_READ_DIARY,,20,FALSE,,TRUE,
DIALOGUE_PLAYER,,DAY4_MIRROR_CHOICE,DIALOGUE_PLAYER_DAY4_MIRROR_CHOICE,END,,,,FALSE,,,CHOICE_MIRROR_DENY:DAY4_MIRROR_DENY|CHOICE_MIRROR_ACCEPT:DAY4_MIRROR_ACCEPT|CHOICE_MIRROR_RAGE:DAY4_MIRROR_RAGE
DIALOGUE_PLAYER,,DAY4_MIRROR_DENY,DIALOGUE_PLAYER_DAY4_MIRROR_DENY,END,,C1_PROGRESS_DAY4_MIRROR_TRUTH,,FALSE,,,
DIALOGUE_PLAYER,,DAY4_MIRROR_ACCEPT,DIALOGUE_PLAYER_DAY4_MIRROR_ACCEPT,END,,C1_PROGRESS_DAY4_MIRROR_TRUTH,,FALSE,,,
DIALOGUE_PLAYER,,DAY4_MIRROR_RAGE,DIALOGUE_MIKA_DAY4_MIRROR_RAGE,END,,C1_PROGRESS_DAY4_MIRROR_TRUTH,,FALSE,,,
DIALOGUE_PLAYER,,DAY4_ESCAPE_1,DIALOGUE_PLAYER_DAY4_ESCAPE_1,DAY4_ESCAPE_CHOICE,C1_PROGRESS_DAY4_MIRROR_TRUTH,,15,FALSE,,TRUE,
DIALOGUE_PLAYER,,DAY4_ESCAPE_CHOICE,DIALOGUE_PLAYER_DAY4_ESCAPE_CHOICE,END,,,,FALSE,,,CHOICE_ESCAPE_KEEP_TRYING:DAY4_ESCAPE_KEEP|CHOICE_ESCAPE_GIVE_UP:DAY4_ESCAPE_GIVE_UP
DIALOGUE_PLAYER,,DAY4_ESCAPE_KEEP,DIALOGUE_PLAYER_DAY4_ESCAPE_KEEP,END,,C1_PROGRESS_DAY4_TRIED_ESCAPE,,FALSE,,,
DIALOGUE_PLAYER,,DAY4_ESCAPE_GIVE_UP,DIALOGUE_PLAYER_DAY4_ESCAPE_GIVE_UP,END,,C1_PROGRESS_DAY4_TRIED_ESCAPE,,FALSE,,,
DIALOGUE_MIKA,MIKA,DAY4_FINAL_TALK_1,DIALOGUE_MIKA_DAY4_FINAL_TALK_1,DAY4_FINAL_TALK_CHOICE,C1_PROGRESS_DAY4_TRIED_ESCAPE,,25,FALSE,,TRUE,
DIALOGUE_MIKA,MIKA,DAY4_FINAL_TALK_CHOICE,DIALOGUE_MIKA_DAY4_FINAL_TALK_CHOICE,END,,,,FALSE,,,CHOICE_ACCEPT_STAY:DAY4_ACCEPT|CHOICE_RESIST:DAY4_RESIST
DIALOGUE_MIKA,MIKA,DAY4_ACCEPT,DIALOGUE_MIKA_DAY4_ACCEPT,END,,C1_PROGRESS_DAY4_ACCEPTANCE,,FALSE,,,
DIALOGUE_MIKA,MIKA,DAY4_RESIST,DIALOGUE_MIKA_DAY4_RESIST,END,,C1_PROGRESS_DAY4_ACCEPTANCE,,FALSE,,,C1_PROGRESS_DAY4_COMPLETE
DIALOGUE_MIKA,MIKA,DAY5_MORNING_1,DIALOGUE_MIKA_DAY5_MORNING_1,DAY5_MORNING_CHOICE,C1_PROGRESS_DAY5_STARTED,,10,FALSE,,TRUE,
DIALOGUE_MIKA,MIKA,DAY5_MORNING_CHOICE,DIALOGUE_MIKA_DAY5_MORNING_CHOICE,END,,C1_PROGRESS_DAY5_AWAKE,,FALSE,,,CHOICE_MORNING_SILENT:DAY5_MORNING_SILENT|CHOICE_MORNING_LIE:DAY5_MORNING_LIE
DIALOGUE_MIKA,MIKA,DAY5_MORNING_SILENT,DIALOGUE_MIKA_DAY5_MORNING_SILENT,END,,,,FALSE,,,
DIALOGUE_MIKA,MIKA,DAY5_MORNING_LIE,DIALOGUE_MIKA_DAY5_MORNING_LIE,END,,,,FALSE,,,
DIALOGUE_MIKA,MIKA,DAY5_MIKA_HONEST_1,DIALOGUE_MIKA_DAY5_HONEST_1,DAY5_MIKA_HONEST_2,C1_PROGRESS_DAY5_AWAKE,,20,FALSE,,TRUE,
DIALOGUE_MIKA,MIKA,DAY5_MIKA_HONEST_2,DIALOGUE_MIKA_DAY5_HONEST_2,DAY5_REGRET_CHOICE,,,,FALSE,,,
DIALOGUE_MIKA,MIKA,DAY5_REGRET_CHOICE,DIALOGUE_MIKA_DAY5_REGRET_CHOICE,END,,C1_PROGRESS_DAY5_MIKA_HONEST,,FALSE,,,CHOICE_REGRET_NO:DAY5_REGRET_NO|CHOICE_REGRET_YES:DAY5_REGRET_YES|CHOICE_REGRET_UNKNOWN:DAY5_REGRET_UNKNOWN
DIALOGUE_MIKA,MIKA,DAY5_REGRET_NO,DIALOGUE_MIKA_DAY5_REGRET_NO,END,,,,FALSE,,,
DIALOGUE_MIKA,MIKA,DAY5_REGRET_YES,DIALOGUE_MIKA_DAY5_REGRET_YES,END,,,,FALSE,,,
DIALOGUE_MIKA,MIKA,DAY5_REGRET_UNKNOWN,DIALOGUE_MIKA_DAY5_REGRET_UNKNOWN,END,,,,FALSE,,,
DIALOGUE_MIKA,MIKA,DAY5_OFFER_1,DIALOGUE_MIKA_DAY5_OFFER_1,DAY5_ENDING_CHOICE,C1_PROGRESS_DAY5_MIKA_HONEST,,25,FALSE,,TRUE,
DIALOGUE_MIKA,MIKA,DAY5_ENDING_CHOICE,DIALOGUE_MIKA_DAY5_ENDING_CHOICE,END,,,,FALSE,,,CHOICE_STAY:DAY5_ENDING_STAY_A|CHOICE_CONTINUE:DAY5_ENDING_CONTINUE_A|CHOICE_LEAVE:DAY5_ENDING_LEAVE_A
DIALOGUE_MIKA,MIKA,DAY5_ENDING_STAY_A,DIALOGUE_MIKA_DAY5_ENDING_STAY_A,DAY5_ENDING_STAY_B,,C1_ENDING_FALSE_COMFORT,,FALSE,,,
DIALOGUE_MIKA,MIKA,DAY5_ENDING_STAY_B,DIALOGUE_MIKA_DAY5_ENDING_STAY_B,END,,,,FALSE,,,
DIALOGUE_MIKA,MIKA,DAY5_ENDING_CONTINUE_A,DIALOGUE_MIKA_DAY5_ENDING_CONTINUE_A,DAY5_ENDING_CONTINUE_B,,C1_ENDING_CONTINUE,,FALSE,,,
DIALOGUE_MIKA,MIKA,DAY5_ENDING_CONTINUE_B,DIALOGUE_MIKA_DAY5_ENDING_CONTINUE_B,DAY5_ENDING_CONTINUE_END,,C1_ENDING_CONTINUE,,FALSE,,,
DIALOGUE_MIKA,MIKA,DAY5_ENDING_CONTINUE_END,DIALOGUE_MIKA_DAY5_ENDING_CONTINUE_END,END,,,,FALSE,,,
DIALOGUE_MIKA,MIKA,DAY5_ENDING_LEAVE_A,DIALOGUE_MIKA_DAY5_ENDING_LEAVE_A,DAY5_ENDING_LEAVE_B,,C1_ENDING_TRUTH,,FALSE,,,
DIALOGUE_MIKA,MIKA,DAY5_ENDING_LEAVE_B,DIALOGUE_MIKA_DAY5_ENDING_LEAVE_B,END,,,,FALSE,,,
DIALOGUE_MIKA,MIKA,IDLE_D1_FRIENDLY_01,DIALOGUE_MIKA_IDLE_D1_FRIENDLY_01,END,C1_PROGRESS_DAY1_TALKED_MIKA,,3,TRUE,,,
DIALOGUE_MIKA,MIKA,IDLE_D2_WARMER_01,DIALOGUE_MIKA_IDLE_D2_WARMER_01,END,C1_PROGRESS_DAY2_TALKED_MIKA,,3,TRUE,,,
DIALOGUE_MIKA,MIKA,IDLE_D3_DISTANT_01,DIALOGUE_MIKA_IDLE_D3_DISTANT_01,END,C1_PROGRESS_DAY3_TALKED_MIKA,,3,TRUE,,,

DIALOGUE_EXAMINE,,EXAMINE_SOFA_D1,EXAMINE_SOFA_D1,END,,,2,FALSE,,,
DIALOGUE_EXAMINE,,EXAMINE_TV_D1,EXAMINE_TV_D1,END,,,2,FALSE,,,
DIALOGUE_EXAMINE,,EXAMINE_SHELF_D1,EXAMINE_SHELF_D1,END,,,2,FALSE,,,
DIALOGUE_EXAMINE,,EXAMINE_PHOTO_D1,EXAMINE_PHOTO_D1,EXAMINE_PHOTO_D1_B,,,,FALSE,,,
DIALOGUE_EXAMINE,,EXAMINE_PHOTO_D1_B,EXAMINE_PHOTO_D1_B,END,,,,FALSE,,,
DIALOGUE_EXAMINE,,EXAMINE_FRIDGE_D1,EXAMINE_FRIDGE_D1,EXAMINE_FRIDGE_D1_B,,,,FALSE,,,
DIALOGUE_EXAMINE,,EXAMINE_FRIDGE_D1_B,EXAMINE_FRIDGE_D1_B,END,,,,FALSE,,,
DIALOGUE_EXAMINE,,EXAMINE_CALENDAR_D1,EXAMINE_CALENDAR_D1,END,,,2,FALSE,,,
DIALOGUE_EXAMINE,,EXAMINE_DOOR_LOCKED_D1,EXAMINE_DOOR_LOCKED_D1,END,,,2,FALSE,,,
DIALOGUE_EXAMINE,,EXAMINE_BED_D1,EXAMINE_BED_D1,END,,,2,FALSE,,,
DIALOGUE_EXAMINE,,EXAMINE_WINDOW_D1,EXAMINE_WINDOW_D1,END,,,2,FALSE,,,
DIALOGUE_EXAMINE,,LORE_NEWSPAPER_01,LORE_NEWSPAPER_01,LORE_NEWSPAPER_01_B,,,1,FALSE,,TRUE,
DIALOGUE_EXAMINE,,LORE_NEWSPAPER_01_B,LORE_NEWSPAPER_01_B,END,,C1_LORE_NEWSPAPER01,,,FALSE,,,
DIALOGUE_EXAMINE,,LORE_NOTE_01,LORE_NOTE_01,LORE_NOTE_01_B,,,1,FALSE,,TRUE,
DIALOGUE_EXAMINE,,LORE_NOTE_01_B,LORE_NOTE_01_B,LORE_NOTE_01_C,,,,FALSE,,,
DIALOGUE_EXAMINE,,LORE_NOTE_01_C,LORE_NOTE_01_C,END,,C1_LORE_NOTE01,,,FALSE,,,
DIALOGUE_EXAMINE,,LORE_NOTE_02_MIRROR,LORE_NOTE_02_MIRROR,END,,C1_LORE_NOTE02,,,FALSE,,,
DIALOGUE_EXAMINE,,LORE_NOTE_03_CALENDAR,LORE_NOTE_03_CALENDAR,LORE_NOTE_03_B,,,1,FALSE,,TRUE,
DIALOGUE_EXAMINE,,LORE_NOTE_03_B,LORE_NOTE_03_B,LORE_NOTE_03_C,,,,FALSE,,,
DIALOGUE_EXAMINE,,LORE_NOTE_03_C,LORE_NOTE_03_C,END,,C1_LORE_NOTE03,,,FALSE,,,
DIALOGUE_EXAMINE,,LORE_TV_BROADCAST_D3,LORE_TV_BROADCAST_D3,LORE_TV_BROADCAST_D3_B,C1_STORY_NOTICED_LOOP,,,FALSE,,TRUE,
DIALOGUE_EXAMINE,,LORE_TV_BROADCAST_D3_B,LORE_TV_BROADCAST_D3_B,END,,C1_LORE_TV_BROADCAST,,,FALSE,,,
DIALOGUE_EXAMINE,,LORE_DIARY_D4,LORE_DIARY_D4,LORE_DIARY_D4_B,C1_PROGRESS_DAY4_MIKA_FROZEN,,,FALSE,,TRUE,
DIALOGUE_EXAMINE,,LORE_DIARY_D4_B,LORE_DIARY_D4_B,LORE_DIARY_D4_C,,,,FALSE,,,
DIALOGUE_EXAMINE,,LORE_DIARY_D4_C,LORE_DIARY_D4_C,LORE_DIARY_D4_D,,,,FALSE,,,
DIALOGUE_EXAMINE,,LORE_DIARY_D4_D,LORE_DIARY_D4_D,END,,C1_PROGRESS_DAY4_READ_DIARY,,,FALSE,,,
DIALOGUE_EXAMINE,,LORE_NOTE_04_BED,LORE_NOTE_04_BED,LORE_NOTE_04_B,C1_PROGRESS_DAY5_AWAKE,,,FALSE,,TRUE,
DIALOGUE_EXAMINE,,LORE_NOTE_04_B,LORE_NOTE_04_B,LORE_NOTE_04_C,,,,FALSE,,,
DIALOGUE_EXAMINE,,LORE_NOTE_04_C,LORE_NOTE_04_C,END,,C1_PROGRESS_DAY5_FINAL_NOTE,,,FALSE,,,
DIALOGUE_EXAMINE,,LORE_NEWSPAPER_03_D4,LORE_NEWSPAPER_03_D4,LORE_NEWSPAPER_03_B,C1_PROGRESS_DAY4_MIKA_FROZEN,,,FALSE,,TRUE,
DIALOGUE_EXAMINE,,LORE_NEWSPAPER_03_B,LORE_NEWSPAPER_03_B,END,,C1_STORY_FRIDGE_EMPTY,,,FALSE,,,
DIALOGUE_EXAMINE,,EXAMINE_PHOTO_D2,EXAMINE_PHOTO_D2,EXAMINE_PHOTO_D2_B,C1_PROGRESS_DAY2_STARTED,,,FALSE,,,
DIALOGUE_EXAMINE,,EXAMINE_PHOTO_D2_B,EXAMINE_PHOTO_D2_B,END,,C1_STORY_NOTICED_BLUR,,,FALSE,,,
DIALOGUE_EXAMINE,,EXAMINE_PHOTO_D3,EXAMINE_PHOTO_D3,END,C1_PROGRESS_DAY3_STARTED,,,FALSE,,,
DIALOGUE_EXAMINE,,EXAMINE_CALENDAR_D3,EXAMINE_CALENDAR_D3,EXAMINE_CALENDAR_D3_B,C1_PROGRESS_DAY3_AWAKE,,,FALSE,,,
DIALOGUE_EXAMINE,,EXAMINE_CALENDAR_D3_B,EXAMINE_CALENDAR_D3_B,EXAMINE_CALENDAR_D3_C,,,,FALSE,,,
DIALOGUE_EXAMINE,,EXAMINE_CALENDAR_D3_C,EXAMINE_CALENDAR_D3_C,END,,C1_STORY_NOTICED_LOOP,,,FALSE,,,
DIALOGUE_EXAMINE,,EXAMINE_FRIDGE_D3,EXAMINE_FRIDGE_D3,END,C1_PROGRESS_DAY3_STARTED,,,FALSE,,,
DIALOGUE_EXAMINE,,EXAMINE_MIRROR_D4,EXAMINE_MIRROR_D4,EXAMINE_MIRROR_D4_B,C1_PROGRESS_DAY4_READ_DIARY,,,FALSE,,,
DIALOGUE_EXAMINE,,EXAMINE_MIRROR_D4_B,EXAMINE_MIRROR_D4_B,END,,C1_PROGRESS_DAY4_MIRROR_TRUTH,,,FALSE,,,
DIALOGUE_EXAMINE,,EXAMINE_DOOR_D4_LOCKED,EXAMINE_DOOR_D4_LOCKED,END,C1_PROGRESS_DAY4_STARTED,,,FALSE,,,
DIALOGUE_EXAMINE,,EXAMINE_WHISPERS_D4,EXAMINE_WHISPERS_D4,EXAMINE_WHISPERS_D4_B,C1_PROGRESS_DAY4_MIRROR_TRUTH,,,FALSE,,,
DIALOGUE_EXAMINE,,EXAMINE_WHISPERS_D4_B,EXAMINE_WHISPERS_D4_B,END,,C1_PROGRESS_DAY4_HEARD_WHISPERS,,,FALSE,,,
DIALOGUE_MIKA,Mika,C2_OPEN_STAY_1,C2_OPEN_STAY_1,C2_OPEN_STAY_2,C1_ENDING_FALSE_COMFORT,,30,FALSE,,TRUE,
DIALOGUE_MIKA,Mika,C2_OPEN_STAY_2,C2_OPEN_STAY_2,C2_OPEN_STAY_3,,,,FALSE,,,
DIALOGUE_MIKA,Mika,C2_OPEN_STAY_3,C2_OPEN_STAY_3,END,,C2_OPENED,,FALSE,,,
DIALOGUE_MIKA,Mika,C2_OPEN_ESCAPE_1,C2_OPEN_ESCAPE_1,C2_OPEN_ESCAPE_2,C1_ENDING_CONTINUE,,30,FALSE,,TRUE,
DIALOGUE_MIKA,Mika,C2_OPEN_ESCAPE_2,C2_OPEN_ESCAPE_2,END,,C2_OPENED,,FALSE,,,
DIALOGUE_MIKA,Mika,C2_OPEN_TRUTH_1,C2_OPEN_TRUTH_1,C2_OPEN_TRUTH_2,C1_ENDING_TRUTH,,30,FALSE,,TRUE,
DIALOGUE_MIKA,Mika,C2_OPEN_TRUTH_2,C2_OPEN_TRUTH_2,END,,C2_OPENED,,FALSE,,,
DIALOGUE_EXAMINE,,C2_EXAMINE_HALLWAY,C2_EXAMINE_HALLWAY,END,C2_OPENED,,5,FALSE,,,
DIALOGUE_EXAMINE,,C2_EXAMINE_SHOES,C2_EXAMINE_SHOES,C2_EXAMINE_SHOES_2,,,,FALSE,,,
DIALOGUE_EXAMINE,,C2_EXAMINE_SHOES_2,C2_EXAMINE_SHOES_2,END,,C2_SAW_SHOES,,FALSE,,,
DIALOGUE_EXAMINE,,C2_EXAMINE_MIRROR_LAG,C2_EXAMINE_MIRROR_LAG,C2_EXAMINE_MIRROR_LAG_2,,,,FALSE,,,
DIALOGUE_EXAMINE,,C2_EXAMINE_MIRROR_LAG_2,C2_EXAMINE_MIRROR_LAG_2,END,,C2_SAW_MIRROR_LAG,,FALSE,,,
DIALOGUE_MIKA,Mika,C2_TALK_REAL_START,C2_TALK_REAL_START,C2_TALK_REAL_2,C2_THREE_SIGNS,,20,FALSE,,TRUE,
DIALOGUE_MIKA,Mika,C2_TALK_REAL_2,C2_TALK_REAL_2,C2_TALK_REAL_CHOICE,,,,FALSE,,,
DIALOGUE_MIKA,Mika,C2_TALK_REAL_CHOICE,C2_TALK_REAL_CHOICE,END,,,,FALSE,,,CHOICE_C2_REASON_COMFORT:C2_REASON_COMFORT_NODE|CHOICE_C2_REASON_TRAPPED:C2_REASON_TRAPPED_NODE|CHOICE_C2_REASON_TRUTH:C2_REASON_TRUTH_NODE
DIALOGUE_MIKA,Mika,C2_REASON_COMFORT_NODE,C2_REASON_COMFORT_NODE,C2_REASON_MIKA_RESP,,C2_REASON_COMFORT,,FALSE,,,
DIALOGUE_MIKA,Mika,C2_REASON_TRAPPED_NODE,C2_REASON_TRAPPED_NODE,C2_REASON_MIKA_RESP,,C2_REASON_TRAPPED,,FALSE,,,
DIALOGUE_MIKA,Mika,C2_REASON_TRUTH_NODE,C2_REASON_TRUTH_NODE,C2_REASON_MIKA_RESP,C1_PROGRESS_DAY4_READ_DIARY,C2_REASON_TRUTH,,FALSE,,,
DIALOGUE_MIKA,Mika,C2_REASON_MIKA_RESP,C2_REASON_MIKA_RESP,END,,C2_TALKED_REAL,,FALSE,,,
DIALOGUE_MIKA,Mika,C2_HIDDEN_ROOM_1,C2_HIDDEN_ROOM_1,C2_HIDDEN_ROOM_2,C2_TALKED_REAL,,15,FALSE,,TRUE,
DIALOGUE_MIKA,Mika,C2_HIDDEN_ROOM_2,C2_HIDDEN_ROOM_2,C2_HIDDEN_ROOM_CHOICE,,,,FALSE,,,
DIALOGUE_MIKA,Mika,C2_HIDDEN_ROOM_CHOICE,C2_HIDDEN_ROOM_CHOICE,END,,,,FALSE,,,CHOICE_C2_MIRROR_YES:C2_MIRROR_REVEAL|CHOICE_C2_MIRROR_NO:C2_MIRROR_REVEAL
DIALOGUE_MIKA,Mika,C2_MIRROR_REVEAL,C2_MIRROR_REVEAL,C2_MIRROR_REVEAL_2,,,,FALSE,,,
DIALOGUE_MIKA,Mika,C2_MIRROR_REVEAL_2,C2_MIRROR_REVEAL_2,END,,C2_SAW_OLD_SELF,,FALSE,,,
DIALOGUE_EXAMINE,,C2_LORE_ALBUM,C2_LORE_ALBUM,C2_LORE_ALBUM_2,C2_TALKED_REAL,,,FALSE,,TRUE,
DIALOGUE_EXAMINE,,C2_LORE_ALBUM_2,C2_LORE_ALBUM_2,C2_LORE_ALBUM_3,,,,FALSE,,,
DIALOGUE_EXAMINE,,C2_LORE_ALBUM_3,C2_LORE_ALBUM_3,END,,C2_FOUND_ALBUM,,FALSE,,,
DIALOGUE_EXAMINE,,C2_EXAMINE_SHADOW,C2_EXAMINE_SHADOW,C2_EXAMINE_SHADOW_2,C2_SAW_OLD_SELF,,,FALSE,,TRUE,
DIALOGUE_EXAMINE,,C2_EXAMINE_SHADOW_2,C2_EXAMINE_SHADOW_2,END,,C2_SAW_SHADOW,,FALSE,,,
DIALOGUE_MIKA,Mika,C2_SHADOW_MIKA_WARN,C2_SHADOW_MIKA_WARN,C2_SHADOW_MIKA_CHOICE,C2_SAW_SHADOW,,18,FALSE,,TRUE,
DIALOGUE_MIKA,Mika,C2_SHADOW_MIKA_CHOICE,C2_SHADOW_MIKA_CHOICE,END,,C2_WINDOW_DONE,,FALSE,,,CHOICE_C2_WHO:C2_SHADOW_ASK|CHOICE_C2_OPEN:C2_SHADOW_GRAB
DIALOGUE_MIKA,Mika,C2_SHADOW_ASK,C2_SHADOW_ASK,END,,,,FALSE,,,
DIALOGUE_MIKA,Mika,C2_SHADOW_GRAB,C2_SHADOW_GRAB,END,,,,FALSE,,,
DIALOGUE_MIKA,Mika,C2_MIKA_BREAK_1,C2_MIKA_BREAK_1,C2_MIKA_BREAK_2,C2_WINDOW_DONE,,25,FALSE,,TRUE,
DIALOGUE_MIKA,Mika,C2_MIKA_BREAK_2,C2_MIKA_BREAK_2,C2_MIKA_BREAK_3,,,,FALSE,,,
DIALOGUE_MIKA,Mika,C2_MIKA_BREAK_3,C2_MIKA_BREAK_3,C2_MIKA_BREAK_4,,,,FALSE,,,
DIALOGUE_MIKA,Mika,C2_MIKA_BREAK_4,C2_MIKA_BREAK_4,END,,C2_MIKA_BROKEN,,FALSE,,,
DIALOGUE_EXAMINE,,C2_VOID_ROOM_ENTER,C2_VOID_ROOM_ENTER,C2_VOID_ROOM_2,C2_MIKA_BROKEN,,,FALSE,,TRUE,
DIALOGUE_EXAMINE,,C2_VOID_ROOM_2,C2_VOID_ROOM_2,C2_VOID_ROOM_3,,,,FALSE,,,
DIALOGUE_EXAMINE,,C2_VOID_ROOM_3,C2_VOID_ROOM_3,END,,C2_SAW_HOSPITAL,,FALSE,,,
DIALOGUE_MIKA,Mika,C2_END_PATH_A_1,C2_END_PATH_A_1,C2_END_PATH_A_2,C2_SAW_HOSPITAL;C1_ENDING_FALSE_COMFORT,,30,FALSE,,TRUE,
DIALOGUE_MIKA,Mika,C2_END_PATH_A_2,C2_END_PATH_A_2,END,,C2_COMPLETE_A,,FALSE,,,
DIALOGUE_MIKA,Mika,C2_END_PATH_B_1,C2_END_PATH_B_1,C2_END_PATH_B_2,C2_SAW_HOSPITAL;C1_ENDING_CONTINUE,,30,FALSE,,TRUE,
DIALOGUE_MIKA,Mika,C2_END_PATH_B_2,C2_END_PATH_B_2,END,,C2_COMPLETE_B,,FALSE,,,
DIALOGUE_MIKA,Mika,C2_END_PATH_C_1,C2_END_PATH_C_1,C2_END_PATH_C_CHOICE,C2_SAW_HOSPITAL;C1_ENDING_TRUTH,,30,FALSE,,TRUE,
DIALOGUE_MIKA,Mika,C2_END_PATH_C_CHOICE,C2_END_PATH_C_CHOICE,END,,,,FALSE,,,CHOICE_C2_FEAR_MIKA:C2_END_FEAR_MIKA|CHOICE_C2_FEAR_REALITY:C2_END_FEAR_REALITY
DIALOGUE_MIKA,Mika,C2_END_FEAR_MIKA,C2_END_FEAR_MIKA,END,,C2_COMPLETE_C,,FALSE,,,
DIALOGUE_MIKA,Mika,C2_END_FEAR_REALITY,C2_END_FEAR_REALITY,END,,C2_COMPLETE_C,,FALSE,,,
DIALOGUE_EXAMINE,,EXAMINE_WASHING_MACHINE_D1,EXAMINE_WASHING_MACHINE_D1,END,,,2,FALSE,,,
DIALOGUE_EXAMINE,,EXAMINE_STOVE_D1,EXAMINE_STOVE_D1,END,,,2,FALSE,,,
DIALOGUE_EXAMINE,,EXAMINE_MIRROR_D1,EXAMINE_MIRROR_D1,END,,,2,FALSE,,,
DIALOGUE_EXAMINE,,EXAMINE_RADIO_D1,EXAMINE_RADIO_D1,END,,,2,FALSE,,,
DIALOGUE_EXAMINE,,EXAMINE_TABLE_D1,EXAMINE_TABLE_D1,END,,,2,FALSE,,,
DIALOGUE_EXAMINE,,EXAMINE_TV_D2,EXAMINE_TV_D2,END,,,2,FALSE,,,
